<?xml version="1.0" encoding="UTF-8"?>
<!-- <?xml version="1.0" encoding="UTF-8"?>
 
This the default configuration path of logback if you want to modify
    the location please provide its entry in application.properties file as value
    of logging.config key
 
<configuration>

    <property name="logPattern" value="%-4relative [%thread] %-5level %logger{35} - %msg%n" />
    <property name="logEncoding" value="UTF-8" />
    <property name="logDirectory" value="logs" />
    <property name="file_base_name" value="accounts" />
    <property name="archive" value="archive" />
    <timestamp key="current_date" datepattern="yyyy-MM-dd" />
 
    Shut down hook registered to close logging factory Elegantly .
    <shutdownhook class="ch.qos.logback.core.hook.DelayingShutdownHook" />
     
 
    <appender name="fileAppender" class="ch.qos.logback.core.rolling.RollingFileAppender">
        <file>${logDirectory}/${file_base_name}.log</file>
        
        <rollingpolicy class="ch.qos.logback.core.rolling.TimeBasedRollingPolicy">
        
            <filenamepattern>${logDirectory}/${archive}/${file_base_name}_%d{yyyy-MM-dd}.%i.log
            </filenamepattern>
            <timebasedfilenamingandtriggeringpolicy class="ch.qos.logback.core.rolling.SizeAndTimeBasedRollingPolicy">
                <maxfilesize>30MB</maxfilesize>
            </timebasedfilenamingandtriggeringpolicy>
        </rollingpolicy>
        <encoder>
            <charset>${logEncoding}</charset>
            <pattern>${logPattern}</pattern>
        </encoder>
    </appender>
 
 
    <appender name="ANALYTICS-FILE" class="ch.qos.logback.core.rolling.RollingFileAppender">
        <file>${logDirectory}/${file_base_name}_error</file>
        <rollingpolicy class="ch.qos.logback.core.rolling.TimeBasedRollingPolicy">
            <filenamepattern>${logDirectory}/${archive}/${file_base_name}_error_%d{yyyy-MM-dd}.%i.log
            </filenamepattern>
            <timebasedfilenamingandtriggeringpolicy class="ch.qos.logback.core.rolling.SizeAndTimeBasedRollingPolicy">
                <maxfilesize>30MB</maxfilesize>
            </timebasedfilenamingandtriggeringpolicy>
        </rollingpolicy>
        <encoder>
            <charset>${logEncoding}</charset>
            <pattern>${logPattern}</pattern>
        </encoder>
    </appender>
 
    <logger name="analytics" level="INFO" additivity="false">
        <appender-ref ref="ANALYTICS-FILE"/>
    </logger>
    <appender name="ASYNC500" class="ch.qos.logback.classic.AsyncAppender">
        <appender-ref ref="fileAppender"/> <queueSize>5000</queueSize> <discardingThreshold>0</discardingThreshold>
        <appender-ref ref="FILE" /> </appender>
 
 
    Only use this appender when you are developing your application but
        during production it is advisable to disable logging to console to reduce
        latency in logging as it costs more I/O time.
         
    <appender name="stdout" class="ch.qos.logback.core.ConsoleAppender">
        <encoder>
            <pattern>%d{dd-MM-yyyy HH:mm:ss.SSS} %highlight(%-5level)
                %logger{36}.%M - %msg%n</pattern>
        </encoder>
    </appender>
 
    Configuration for loggers ,Loggers who do not have logging level defined
     will inherit levels from root
   
    <root level="error">
        <appender-ref ref="ANALYTICS-FILE">
    </appender-ref></root>
 
    <root level="info" additivity="false">
        <appender-ref ref="ANALYTICS-FILE">
    </appender-ref></root>
          
 
    <root level="WARN" additivity="false">
        <appender-ref ref="fileAppender">
        <appender-ref ref="stdout">
    </appender-ref></appender-ref
    ></root>
     
    <logger name="com.accounts" level="DEBUG" additivity="false">
        <appender-ref ref="fileAppender">
        <appender-ref ref="stdout">
    </appender-ref></appender-ref>
    </logger>
 
    <logger name="org.springframework.web" level="WARN" additivity="false">
        <appender-ref ref="fileAppender">
        <appender-ref ref="stdout">
    </appender-ref></appender-ref></logger>
    
    <logger name="org.apache.commons.beanutils.converters" level="WARN" additivity="false">
        <appender-ref ref="fileAppender">
        <appender-ref ref="stdout">
    </appender-ref></appender-ref></logger>
 
 
</configuration>

 -->

<configuration>

    <!-- All log files located in logs file of the project -->
    <property name="LOGS" value="./logs" /> 

    <!-- Define the console log format -->
    
    <appender name="Console"
              class="ch.qos.logback.core.ConsoleAppender">
        <layout class="ch.qos.logback.classic.PatternLayout">
            <Pattern>
                %black(%d{ISO8601}) %highlight(%-5level) [%blue(%t)] %yellow(%C{1.}): %msg%n%throwable
            </Pattern>
        </layout>
    </appender>

    <appender name="Console-Error"
              class="ch.qos.logback.core.ConsoleAppender">
        <layout class="ch.qos.logback.classic.PatternLayout">
            <Pattern>
                %red(%d{ISO8601}) %highlight(%-5level) [%blue(%t)] %yellow(%C{1.}): %msg%n%throwable
            </Pattern>
        </layout>
    </appender>

    <appender name="RollingFileBySize" class="ch.qos.logback.core.rolling.RollingFileAppender">
        <file>${LOGS}/spring-boot-loggerbysize.log</file>
        <rollingPolicy class="ch.qos.logback.core.rolling.SizeAndTimeBasedRollingPolicy">
            <!-- rollover daily -->
            <fileNamePattern>${LOGS}/spring-boot-loggerbysize-%d{yyyy-MM-dd}.%i.log</fileNamePattern>
            <!-- each file should be at most 1MB, keep 6 days worth of history, but at most 3M -->
            <maxFileSize>10MB</maxFileSize>
            <maxHistory>6</maxHistory>
            <totalSizeCap>100MB</totalSizeCap>
        </rollingPolicy>
        <encoder class="ch.qos.logback.classic.encoder.PatternLayoutEncoder">
            <Pattern>%d %p %C{1.} [%t] %m%n</Pattern>
        </encoder>
    </appender>

    <!-- LOG everything at error level -->
    <root level="info">
        <appender-ref ref="RollingFileBySize" />
        <appender-ref ref="Console" />
    </root>
     <root level="error">
        <appender-ref ref="RollingFileBySize" />
        <appender-ref ref="Console-Error" />
    </root>
    
     <root level="warn">
        <appender-ref ref="RollingFileBySize" />
        <appender-ref ref="Console" />
    </root>

    <!-- LOG "com.test*" at TRACE level -->
    <logger name="com.test" level="trace" additivity="false">
        <appender-ref ref="RollingFileBySize" />
        <appender-ref ref="Console" />
    </logger>

</configuration>
 
 
